name,company,email,date
Raja,Sem Corporation,pede.ultrices.a@tinciduntpedeac.co.uk,"January 21st, 2019"
Aladdin,Ut Nulla Corp.,hendrerit.consectetuer@interdumSed.ca,"November 21st, 2018"
Plato,Fermentum Fermentum Limited,semper.egestas@massaMauris.net,"October 7th, 2019"
Anthony,Fringilla Est Consulting,luctus.ut@tortornibhsit.co.uk,"April 18th, 2018"
Aladdin,Erat Vitae Inc.,et.libero@egestas.edu,"June 18th, 2018"
Todd,Commodo Tincidunt Nibh Company,diam.eu@Nam.edu,"August 26th, 2018"
Chandler,Risus Quisque Libero Corporation,sapien@rutrum.ca,"November 23rd, 2018"
Yuli,Nonummy Ultricies LLP,magna.a.tortor@lacusNulla.ca,"April 10th, 2019"
Kuame,Ultricies Associates,turpis.nec@Aliquamtincidunt.edu,"February 14th, 2019"
Macon,Turpis Aliquam Adipiscing Industries,mi.lorem@tempus.ca,"February 11th, 2019"
Hashim,Vitae Erat Company,aliquet.sem@tempor.ca,"January 13th, 2019"
Hilel,Adipiscing Elit Etiam LLC,lobortis.augue@idmagna.co.uk,"August 24th, 2019"
Elton,A Corporation,aliquet.nec.imperdiet@Aliquam.edu,"February 29th, 2020"
Barry,Id Erat Etiam LLC,volutpat.ornare.facilisis@orcilacusvestibulum.com,"May 9th, 2018"
Jonah,Dui In LLC,interdum.Sed.auctor@vulputatemauris.ca,"February 16th, 2019"
Lance,Magna Praesent Interdum Corporation,consequat@duiCum.edu,"January 20th, 2020"
Dane,Euismod Urna Nullam Industries,parturient@varius.com,"April 23rd, 2019"
Ezekiel,Ornare Placerat Orci Foundation,id.magna.et@lorem.com,"March 20th, 2019"
Zachery,Accumsan Neque Ltd,arcu.iaculis@Suspendisseeleifend.co.uk,"October 24th, 2018"
Silas,In Ltd,Nulla@urnasuscipit.co.uk,"July 23rd, 2019"
Seth,Semper Rutrum Institute,libero@ridiculusmus.co.uk,"April 8th, 2018"
Hunter,Semper Erat Incorporated,dolor.vitae.dolor@mifringilla.ca,"January 1st, 2019"
Axel,Consectetuer PC,fames.ac@in.ca,"December 25th, 2018"
Oleg,A Neque Nullam Corp.,risus.odio@Donec.co.uk,"February 29th, 2020"
Kennedy,Aliquet Phasellus Limited,risus.Donec.egestas@afeugiat.com,"March 4th, 2019"
Walker,Dolor Quam Elementum LLP,Curabitur@Praesenteu.edu,"February 15th, 2020"
Alec,Suscipit LLP,nisl.sem@sempererat.edu,"January 13th, 2019"
Tanek,Enim Foundation,Donec.porttitor@gravidamolestiearcu.ca,"October 3rd, 2018"
Allen,Quisque Imperdiet Company,in.cursus.et@commodoat.co.uk,"November 24th, 2019"
Dexter,Ante Limited,molestie.in.tempus@eget.co.uk,"November 13th, 2019"
Chase,Libero Dui Consulting,ligula@Namac.co.uk,"March 17th, 2020"
Micah,Aliquam Incorporated,Sed@etmalesuada.co.uk,"June 21st, 2019"
Hashim,Orci Inc.,Suspendisse@aceleifend.org,"March 29th, 2020"
Cullen,Consectetuer Rhoncus Nullam Industries,purus.Maecenas.libero@DonectinciduntDonec.ca,"August 19th, 2018"
Fulton,Magna Cras Associates,ante.dictum@volutpatNulla.ca,"July 22nd, 2018"
Cole,Purus Industries,tellus.justo.sit@duinec.net,"September 10th, 2018"
Mufutau,Et Magnis Corporation,luctus.Curabitur.egestas@lacus.net,"July 19th, 2019"
Lucas,Vitae Inc.,nisi.dictum.augue@acipsumPhasellus.co.uk,"February 5th, 2019"
Edan,Nulla Aliquet Proin Corp.,at.augue@antebibendumullamcorper.co.uk,"April 16th, 2019"
Ira,Sem Molestie Sodales Inc.,Aliquam.rutrum.lorem@volutpat.net,"December 20th, 2019"
Colton,Praesent Eu Nulla LLC,ac.orci@gravidasagittisDuis.net,"November 22nd, 2018"
Demetrius,Tempus Incorporated,lobortis@erosnectellus.ca,"March 12th, 2019"
Ethan,Magna Malesuada Ltd,Proin.non.massa@dignissimMaecenasornare.co.uk,"April 18th, 2019"
Beck,Orci LLC,orci.adipiscing@elit.org,"January 29th, 2020"
Kenneth,Sagittis Institute,at.nisi.Cum@iaculis.ca,"October 10th, 2018"
Jarrod,Ligula Elit Pretium Corp.,Sed.nunc@ornarelibero.edu,"September 14th, 2019"
Vaughan,Dui Nec Urna Industries,elit.Curabitur@idsapien.net,"February 8th, 2019"
Howard,Nibh Dolor Corp.,ut.odio@Praesenteudui.com,"March 13th, 2019"
Kenyon,Amet PC,consectetuer.mauris.id@vellectusCum.edu,"December 27th, 2018"
Randall,At LLP,vitae.aliquam.eros@egetvolutpat.com,"September 26th, 2018"
Dexter,Quisque Tincidunt Pede Incorporated,diam@Duiscursus.org,"April 15th, 2018"
Moses,Placerat LLP,tortor.dictum.eu@orciPhasellusdapibus.ca,"July 15th, 2019"
Thor,Ipsum Curabitur Consequat Company,Mauris@aliquam.net,"March 3rd, 2019"
Lyle,Et Malesuada PC,Nunc.ullamcorper.velit@utdolor.org,"June 4th, 2019"
Seth,Sed Incorporated,dui.nec@aliquetmolestietellus.edu,"September 21st, 2019"
Maxwell,Etiam Gravida Corp.,Proin@ipsum.edu,"March 26th, 2019"
Brendan,Sit Associates,dis.parturient@adipiscing.com,"March 6th, 2020"
Hector,Suspendisse Sed Dolor Incorporated,fames.ac.turpis@Nullamnisl.org,"September 29th, 2018"
Shad,Eget Ipsum Foundation,eget.massa@mi.com,"March 11th, 2020"
Tanner,Enim Associates,per@duiSuspendisse.org,"January 27th, 2019"
Ferris,Tellus Eu Industries,lorem.ut@Nuncsedorci.net,"March 4th, 2020"
Brett,Elementum Purus Incorporated,Aliquam@adipiscinglobortis.org,"September 10th, 2018"
Hamilton,Eu Nulla Industries,convallis@anteipsumprimis.com,"January 23rd, 2019"
Neil,Fusce Mi Lorem Institute,ac.turpis.egestas@Nulla.edu,"April 22nd, 2019"
Keefe,Sem Associates,luctus.et.ultrices@Phasellus.ca,"October 20th, 2018"
Chester,Nulla Integer LLP,senectus.et.netus@arcuVestibulumante.co.uk,"April 19th, 2018"
Salvador,Purus Mauris A LLC,aliquam.enim@duiSuspendisseac.edu,"October 29th, 2019"
Levi,Semper Et Company,metus.facilisis@CraspellentesqueSed.org,"October 2nd, 2019"
Lucius,Vestibulum Lorem Corp.,et.commodo@Nuncquisarcu.com,"October 12th, 2018"
John,Purus Gravida Sagittis Industries,ac@quislectusNullam.ca,"June 26th, 2019"
Joel,Donec Porttitor Consulting,Morbi@Vivamus.edu,"July 29th, 2019"
Cole,Ullamcorper Nisl Arcu PC,eu.tellus@convallisest.net,"August 13th, 2018"
Burke,Donec Est Mauris Corporation,sollicitudin@rhoncus.ca,"November 13th, 2019"
Fritz,Nunc Id PC,varius.Nam@Vestibulum.co.uk,"December 7th, 2019"
Oliver,Ut Lacus Nulla Institute,sed.dolor@eget.com,"December 22nd, 2018"
Jesse,Fringilla Company,mauris.sit.amet@diam.co.uk,"September 12th, 2019"
Cullen,Gravida Mauris Ut Corporation,orci.lobortis@Donec.edu,"June 24th, 2019"
Gary,Nisi Magna Sed Associates,in@sapien.ca,"August 29th, 2019"
Ishmael,Aenean Sed Pede Limited,mollis@Nullamvitaediam.org,"May 16th, 2018"
Lucius,Ac Mattis Limited,pede.Cum@famesac.net,"April 24th, 2019"
Stone,Nec Incorporated,placerat@placeratvelit.co.uk,"January 31st, 2020"
Richard,Nulla Company,Nunc.mauris@arcuVestibulum.org,"January 29th, 2020"
Mufutau,Eu Accumsan Sed Consulting,cursus.a@necdiam.ca,"March 19th, 2019"
Abel,Gravida Praesent Institute,viverra.Maecenas@feugiatplacerat.org,"January 6th, 2020"
Lars,Ultrices Vivamus Foundation,libero@volutpat.edu,"December 10th, 2018"
Maxwell,Lorem Corp.,Quisque@Nullamsuscipitest.ca,"April 11th, 2019"
George,Donec Est Mauris Industries,Vestibulum.ante@Donec.edu,"December 15th, 2018"
Davis,Vel Est Consulting,ante.lectus.convallis@sed.ca,"August 16th, 2019"
Akeem,Sociis Consulting,vulputate.nisi@Donecluctusaliquet.org,"September 17th, 2018"
Walker,Nibh Sit Amet Consulting,ullamcorper@Duismi.edu,"September 17th, 2019"
Lester,Euismod Mauris Eu Associates,Integer.tincidunt@dapibusgravidaAliquam.com,"February 6th, 2019"
Eaton,Nam Consequat Corporation,dolor.dolor@luctus.com,"January 26th, 2019"
Warren,Senectus Et Netus Foundation,libero.at.auctor@hymenaeosMaurisut.com,"June 19th, 2019"
Cyrus,Facilisi LLC,a.malesuada.id@utaliquamiaculis.net,"July 30th, 2019"
Elvis,Libero Associates,odio@DonecestNunc.ca,"January 24th, 2020"
Upton,Ac Mattis Company,purus.Duis@sociisnatoquepenatibus.co.uk,"July 2nd, 2018"
Francis,Non Luctus Sit Company,libero@Phasellusfermentum.com,"August 29th, 2018"
Ali,Convallis Ligula Corporation,vel.faucibus@condimentumegetvolutpat.ca,"October 26th, 2019"
Melvin,Eget LLP,sagittis@Donectincidunt.ca,"June 6th, 2019"
Damian,Et Risus Quisque Incorporated,non.arcu@dolorsit.net,"April 6th, 2019"
